<?xml version="1.0" encoding="ISO-8859-1"?>

<document>

 <properties>
  <title>Java date and time API - Related projects</title>
  <author>Stephen Colebourne</author>
 </properties>

 <body>

<section name="Related projects">
<p>
A number of libraries and applications are now built using Joda-Time.
</p>
<ul>

<li><a href="http://usertype.sourceforge.net/">Extended Hibernate support</a>
A set of classes to link Joda-Time to databases using Hibernate.</li>
<li><a href="http://joda-time.sourceforge.net/contrib/hibernate/index.html">Original Hibernate support</a>
The original set of classes to link Joda-Time to databases using Hibernate (UserType project is newer and better maintained).</li>
<li><a href="http://joda-time.sourceforge.net/contrib/jsptags/index.html">JSP tag support</a>
A tag library in the style of JSTL to allow Joda-Time classes to be used in JSP.</li>
<li><a href="http://joda-time.sourceforge.net/contrib/i18n/index.html">I18N support</a>
A simple library that provides additional internationalization data for Joda-Time.</li>
<li><a href="http://objectlabkit.sourceforge.net/">Holiday calculation</a>
Support for working and non-working days, plus how to calculate and resolve holidays.</li>
<li><a href="http://code.google.com/p/google-rfc-2445/">Recurrance (RFC 2445)</a>
Support for the RFC2445 recurrence specification, as found in iCal.</li>
<li><a href="http://www.datanucleus.org/plugins/store.types.jodatime.html">DataNucleus support</a>
A library providing persistence via the DataNucleus platform.</li>
</ul>
<p>
If your open source library provides a value added feature on top of Joda-Time, then let us know!
</p>

</section>

</body>
</document>
